Dataset,Pruning Method,VRAM Limit (GB),ATE,Processing Time (s),Status
fr1_desk,Opacity,0.5,N/A,7.20,Failed/Crashed
fr1_desk,Opacity,1.0,0.01482829748876707,1473.86,Success
fr1_desk,Volume,0.5,N/A,6.65,Failed/Crashed
fr1_desk,Volume,1.0,0.014978684597563463,1477.39,Success
fr1_desk,Visibility,0.5,N/A,7.17,Failed/Crashed
fr1_desk,Visibility,1.0,0.013998539435117089,1473.37,Success
fr1_desk,VoxelGrid,0.5,N/A,6.88,Failed/Crashed
fr1_desk,VoxelGrid,1.0,0.014860214124177939,1444.95,Success
fr1_desk,Density,0.5,N/A,6.49,Failed/Crashed
fr1_desk,Density,1.0,0.015461412034602306,1424.73,Success
fr1_desk,Opacity,2,0.014691862594272251,2192.14,Success
fr1_desk,Opacity,4,0.0151082488145954,1637.76,Success
fr1_desk,Opacity,8,0.014104160531471866,1512.53,Success
fr1_desk,Opacity,14,0.01444476101014803,1551.53,Success
fr1_desk,Volume,2,0.014941410460538682,1496.74,Success
fr1_desk,Volume,4,0.014599774847058789,1530.92,Success
fr1_desk,Volume,8,0.014256127682680784,1577.07,Success
fr1_desk,Volume,14,0.015349137445211979,1482.86,Success
fr1_desk,Visibility,2,0.014383693343571846,1511.61,Success
fr1_desk,Visibility,4,0.014453792505043908,1576.66,Success
fr1_desk,Visibility,8,0.014956190316238,1539.10,Success
fr1_desk,Visibility,14,0.014889471621763148,1508.88,Success
fr1_desk,VoxelGrid,2,0.014712746751331551,1534.25,Success
fr1_desk,VoxelGrid,4,0.01495443928165593,1546.53,Success
fr1_desk,VoxelGrid,8,0.014597968937448132,1516.67,Success
fr1_desk,VoxelGrid,14,0.014555897442852133,1707.90,Success
fr1_desk,Density,2,0.01455773215827209,1512.04,Success
fr1_desk,Density,4,0.014302775588553923,1588.28,Success
fr1_desk,Density,8,0.01458373732864221,1555.84,Success
fr1_desk,Density,14,0.015196423791167887,1542.69,Success
