frame,reference,opacity,random,lru,tracking_support,tracking_support_no_T,v1_minus_random_squared_m2
0,0.0010453373863162586,0.001118109472436724,0.0011392496658925446,0.0014500962669346707,0.0014114677686387451,0.001494750372072403,6.943514606697633e-07
1,0.0008857418583476022,0.0009310305434640634,0.0010381924104734548,0.0013630993874804798,0.00123543749051,0.0016102709596065828,4.484623117929641e-07
2,0.0008920514805965274,0.0008928527967437556,0.000938769013146354,0.0014210930505811617,0.0013488164038045836,0.0017345288055982922,9.380184311285502e-07
3,0.0010230424683339559,0.0010290726898188592,0.0010579495412650999,0.0013682086276116821,0.0018297031709756841,0.0014952374075233655,2.228556462015438e-06
4,0.0010064297172564499,0.0010338954728897874,0.0011254079927195194,0.0011240364221132301,0.0011239664648790852,0.0012537043376103334,-3.2425359041899417e-09
5,0.0011104095007432567,0.0013358235901196488,0.001418280531771051,0.0018850003193271925,0.0017212271088417968,0.001425065648830163,9.511030934111153e-07
6,0.0007779302606942684,0.0010358361857482389,0.0011729531199424163,0.0014404539469499548,0.0012711623546634132,0.001647098384361276,2.400347103307845e-07
7,0.0013639309747536291,0.001474054539004639,0.0015033788692208352,0.0019512110238883234,0.0017345209870990592,0.0016777027249299217,7.484150302673778e-07
8,0.0008939991694028095,0.0009234576483777178,0.0009630953193821737,0.0010378986192172215,0.0010413510499174957,0.0011778112692887733,1.568594149484197e-07
9,0.0011662201616486638,0.0013776807912522125,0.0013175875760546734,0.0014723669759843852,0.001614788321995854,0.0017185191271878566,8.715043042805564e-07
10,0.001319286427212636,0.0014250913937229953,0.0014096806016445649,0.001789580445889474,0.0016136809888492654,0.001718578329282398,6.167669351205609e-07
11,0.0011804505990537066,0.0009968191777345301,0.0012734584811131904,0.0015576231941034978,0.0010186850867106188,0.0016499961297895775,-5.83977197232493e-07
12,0.0012142473099408845,0.0015078632262709496,0.0013165739893352855,0.0016319332482995401,0.0016359999960235587,0.0012483844934403521,9.431289175948559e-07
13,0.0007380756312211017,0.000776699507065488,0.0007930987924789386,0.0013594338462468176,0.0012933508163262017,0.0014359727293838207,1.0437506394601018e-06
14,0.0007757450833149261,0.0012331569504698244,0.0011506120591340267,0.0009024019107851418,0.000994919752849802,0.0011323267884426433,-3.3404279601393403e-07
15,0.000998299472290685,0.000966224058231134,0.0009991096930101967,0.0012312083214567643,0.0009554727411979842,0.0012128192421594366,-8.529201949453935e-08
16,0.0006785007411948566,0.0009983019785637882,0.0007159045702360785,0.0009525411119828941,0.0012096323718524791,0.000919678291429902,9.506911213485502e-07
17,0.0008344444561843008,0.0006787674580017301,0.0007735545290408825,0.001153118330197848,0.0011360432667296872,0.0011150122043608204,6.922076944821976e-07
18,0.0008714609286910984,0.0008610997113018248,0.001058686703622985,0.0008125536480374167,0.001107303834940974,0.0009587102514007791,1.0530424644688571e-07
19,0.0007171613274581706,0.0006689829750874267,0.0008921941505906202,0.0007995622385589983,0.0010426756081891074,0.0010120564194023094,2.911620215644068e-07
20,0.000682364096854175,0.0005705237235472069,0.0008855770776377894,0.0007163948662331535,0.000896897507943992,0.0010526337826184328,2.0178379318655868e-08
21,0.0004140381069908901,0.0004556535050314962,0.0005056656403958793,0.0006564053147188981,0.0008461831677174733,0.0006190070700969944,4.6032821345140283e-07
22,0.000930654089352107,0.0012231335177047503,0.000767260798777345,0.0005962413517363543,0.0008229056623422208,0.0006039114229837533,8.848459577443958e-08
23,0.0011133720889009596,0.0009402108456657787,0.0005600887215587245,0.0006940366979751629,0.0005999282508626176,0.0007289402753909063,4.621453016579342e-08
24,0.0006195466624471512,0.0008126778654438987,0.001245106359081024,0.0008863054175146889,0.0005574337593133325,0.0006003948826284238,-1.2395574494018096e-06
25,0.0001686138500438223,0.0007012412722143907,0.0006639571253540627,0.0005389802464246315,0.0006272767383724157,0.0004068455203552081,-4.73629578052945e-08
26,0.0003623748232369336,0.00038561299024518746,0.0006894644194113158,0.0005902537987206883,0.0004904442443224722,0.0009600439563557479,-2.348256288451419e-07
27,0.000501326405145154,0.00036801548666090116,0.0008480972302289782,0.0007959646009974065,0.0009011002055951443,0.0003778383796407573,9.271266860154679e-08
28,0.0005904928486957309,0.00031813031507613474,0.00023744003320550738,0.0007074715607264103,0.00016334457845507204,0.0006268551851681881,-2.9696318057967268e-08
29,0.0001523034479270355,0.0006795492268484397,0.0006642480657889615,0.0007488201610058138,0.0005243465470358736,0.00044568709227189537,-1.6628619151593295e-07
30,0.0003050236761592035,0.000588403512945767,0.000198451119489103,0.0007827599299659269,0.0001837808998969719,0.00034095908593396253,-5.607427659537439e-09
31,0.00030259568904838114,0.0004996022060335041,0.0003969738441224612,0.0006207993269100656,0.0004549296810239424,0.0002722004660232749,4.937278175918187e-08
32,0.0005967147182123296,0.0004561455418036114,0.0006503054213508951,0.000893548122944633,0.00042636416710550965,0.000430597815337487,-2.411107380467903e-07
33,0.0003866720855661412,0.0006361308877224157,0.0006089442833581066,0.0009132607694305833,0.0006004106386524923,0.0006060885518888588,-1.0320205227424275e-08
34,0.0004879312928510654,0.00043541723419230103,0.00036221149951709347,0.0015712917504663749,0.0006206781713605587,0.0007293404554498374,2.5404422202106574e-07
35,0.0005062813163231757,0.0005643041553968212,0.0005035275717150392,0.0008217470242364841,0.00084878135487675,0.0008618939486845432,4.668897729091675e-07
36,0.0005186610909292562,0.0005592532366128371,0.0009450331252013511,0.0003988592300601984,0.0009451903487150047,0.0011283205016821376,2.9718757615973445e-10
37,0.0005114488729058436,0.0005907891055291686,0.0006053636692378152,0.000576182655386619,0.0014346649167629722,0.0010967349710076445,1.691798251357435e-06
38,0.0003868620033415686,0.0004113167599330636,0.0004031470938564551,0.0006596541607782622,0.0012750733248279905,0.0008661028324539715,1.463284404403001e-06
39,0.0005542411973995209,0.000565464146389076,0.000581445261439622,0.0007441045664088767,0.00081251942088663,0.0007668625657184197,3.2210921726735413e-07
40,0.00044653132386467375,0.0006780562857017874,0.0007164838301014451,0.0009742959833878484,0.0007476517715372586,0.000923755199450045,4.563409268596459e-08
41,0.0004204503146850645,0.0006231159686866652,0.0008841016528749523,0.001250181913147359,0.0008232352937178988,0.0009680023680622553,-1.039193837934276e-07
42,0.00035354036940135386,0.0005112735626315668,0.0005797749884522317,0.0007152106836533076,0.0010983729189456201,0.0011705249560436215,8.702840318383364e-07
43,0.0007735457048198344,0.0004966661672120423,0.0005280566030874556,0.0005885924155764451,0.0013288207975775614,0.0012535106471822358,1.4869209360104037e-06
44,0.0003148394880588298,0.000351865012628945,0.000396103168311431,0.0005946798808972969,0.0012042107521615503,0.0013742145453699182,1.2932258156751328e-06
45,0.00045565552392645307,0.0003424705960170433,0.0007604032995673796,0.00020763353146496374,0.0009351595484251133,0.0006090346675088077,2.963102030177039e-07
46,0.00038148562247107,0.000744137144261177,0.0007472520045396215,0.0008617225392826763,0.000596837636455335,0.0006404831574869278,-2.0217039399889194e-07
47,0.0005732693171209639,0.00037293114369319174,0.0004703009361842187,0.0008039680870019796,0.0005807872579218211,0.0007222127954964526,1.1613086838859542e-07
48,0.0005856127980995578,5.5159438968266174e-05,0.0006353927183837575,0.0010572922782260072,0.0005144434476978238,0.0006153243623822201,-1.3907184569587739e-07
49,0.0006262810484074118,0.0005631222869887933,0.0005643825695955401,0.001124449046960762,0.00081227366628519,0.0009388515188555101,3.412608240771195e-07
50,0.0006157516332109688,0.000654608029578926,0.00037511302471396167,0.0008605899856536312,0.0006704758861097461,0.0010741508860284445,3.088281325445921e-07
51,0.0009060769467620602,0.0007494679115332836,0.0005957642263796596,0.00048348089308230944,0.0008494202384847368,0.0008103952360444209,3.665797281137127e-07
52,0.00101997128674603,0.0008823518992909122,0.0004749628574909483,0.00021447191429118184,0.0009142089963762934,0.0010895251052145008,6.101883730593829e-07
53,0.00026162945781240147,0.00047042789452674585,0.0006006986169640101,0.0006526390779913874,0.0008636186900439746,0.0008504717894387567,3.8499841337079606e-07
54,0.0005193460604850475,0.00048051751542326957,0.0004977310525829245,0.000646759179439836,0.0005376303162298951,0.000565730262425885,4.1310156224151044e-08
55,0.0008509684538532926,0.0007728504054758846,0.000515296000642805,0.0010587182692991623,0.0005367267621854204,0.0010637174532527707,2.25456489675752e-08
56,0.000585171768279514,0.0004880252446361748,0.0008045608575105651,0.0007419970902344997,0.0005699068622047392,0.0008085184530866438,-3.225243418500843e-07
57,0.00034468416098698107,0.0006029792206003351,0.0005254780830458956,0.0003304989590562037,0.0007230772426605154,0.0007128938121529313,2.4671348309194474e-07
58,0.0005610346679805726,0.0005676120089660383,0.0005512800791449058,0.0006736052821999129,0.0009338018416246783,0.0008065216175119973,5.680761537596272e-07
59,0.0007961549112508383,0.0008023537649103299,0.0007320152505674452,0.0008109637192517296,0.0005631810118770359,0.0005455587446651676,-2.1867347492447753e-07
60,0.0006463428755283188,0.0006238929355832336,0.0005870590588790598,0.0007289383714322514,0.0007084276927360886,0.0007659093072447382,1.5723145722341058e-07
61,0.0005991550405461682,0.0005606220653259194,0.0006373817828817694,0.0007166045989937121,0.000755289562222649,0.0007373446593733753,1.6420678565293778e-07
62,0.0004888934728020758,0.0006255654702176433,0.0005279373027241434,0.0005060383732059035,0.0007300322203869521,0.0007367018610379482,2.542292471954595e-07
63,0.0007911809937357042,0.0007668960836703936,0.0006157773389181644,0.0007342883014512406,0.0007551014793073958,0.000627251739075262,1.9099651292708164e-07
64,0.000622707463234788,0.0006120798538415883,0.0005800804473206029,0.0005792467653551586,0.0006642943242835522,0.0006285456147181386,1.0479362391167044e-07
65,0.0005587104032502527,0.0004896738981930368,0.0005409212672195995,0.0006051647546415442,0.0006890048940201513,0.0008111453016243062,1.8213192665326257e-07
66,0.0005918445955367459,0.0002948686348271234,0.0005442863445916113,0.0004916013194336268,0.0006519132333279254,0.00043632674046658926,1.2874323887917189e-07
67,0.00034192271025805775,0.00027821721067476505,0.0004513011826545181,0.00028666578323965203,0.0004017443579461869,0.00018769675570970797,-4.227422832377279e-08
68,0.0004886651624753202,0.0004201092650180888,0.0002159505154596464,0.0009341070070331537,0.0006427690157046111,0.0006703344874031147,3.665173824225876e-07
69,0.0002728552590503709,0.0007508250483067242,0.0005594863763404141,0.0006826406177961285,0.00032328147234478256,0.0001681522560198313,-2.0851409494911707e-07
70,0.0005362859633907575,0.0004641055034608174,0.0006250984722889927,0.0007299514027118453,0.0004968037933068737,0.0005173140587543921,-1.439340910139336e-07
71,0.0003413186301151325,0.0007785854277414409,0.0005813036467326117,0.0001841067871263445,0.0007381430424620934,0.0008202350286242256,2.0694122143056284e-07
72,0.0003815447404632558,0.000291787782840725,0.00042521097575437875,4.2226708260080364e-05,0.00034471727472283554,0.00025594566932447436,-6.197437440965199e-08
73,0.00044142832216702174,0.0003225349126936099,0.00036312555720430695,0.0009087922463405537,0.00028943629742635233,0.00034758119508476704,-4.808680002706252e-08
74,0.00040634803452157533,0.0009107164311860311,0.0006933424292702157,0.00027946128059063883,0.0005245417040195583,0.0004039423291048331,-2.0557972497058225e-07
75,0.0004329655308893022,0.001331057862671944,0.0002657945127577197,0.0002841598676395419,0.0007358469848959789,0.0006705316113432186,4.7082406216838935e-07
76,0.00048453606452421766,0.00037700576763135185,0.00035884948941532023,0.00033689601535915383,0.0004182752403653251,0.0005495560569198604,4.618122064903448e-08
77,0.0006765782048674796,0.0006255738748438378,0.0006161089015576925,0.0005957148364197197,0.0008229705674084361,0.0007807571170834567,2.9769037624193686e-07
78,0.0007300042685629793,0.0005941970518494114,0.0005258678460415512,0.0012892786422030265,0.0006546886275611968,0.0007121111676801374,1.5208020755758276e-07
79,0.0006753076171872656,0.001015631187252988,0.0010129694197174503,0.0008492877614916529,0.0008962887606765968,0.0007769736956746951,-2.227735027675184e-07
80,0.0008379740901491623,0.0006726803155631706,0.0007251391776317676,0.000736165844051765,0.0009998178191405554,0.0011175433133841625,4.7380884453450005e-07
81,0.0006827412128398029,0.0009549957572398818,0.0007889851315225046,0.0009355321684984973,0.0007869185430967141,0.0007933695670630995,-3.256744294128629e-09
82,0.0009295495113509193,0.0009394368985150165,0.0007570276577007062,0.0010359962621398248,0.0008513649549094318,0.0010984659936041866,1.5173141192412108e-07
83,0.0006866496563538077,0.0009278408609260652,0.0010309477269893601,0.0010156054543264282,0.000980855155533409,0.0009641313347669793,-1.0077637964806038e-07
84,0.0006136896532333909,0.0008661356402154943,0.0009543636637788337,0.0008477794106827161,0.0009226845351161046,0.000963008703019724,-5.9463251398936655e-08
85,0.0009406979966885254,0.0009432857560833192,0.0008564563237394234,0.0016544561584451668,0.0009763387830960068,0.0009660670899186195,2.1971998490414325e-07
86,0.0007167409897639295,0.00099856473844108,0.000851249851824093,0.0012181923490085585,0.0009539766479750377,0.0010354912904116575,1.8544513465114873e-07
87,0.0011576221336718042,0.0013035524570719024,0.00130861013643641,0.0013206006191012897,0.0010813830372814765,0.0011648417617599407,-5.430712158640081e-07
88,0.0010144898556798886,0.0011028433557755955,0.0012267227216663306,0.001459902436992048,0.00115890431934535,0.001296253128938889,-1.6178941445514067e-07
89,0.0011416206449406147,0.002367238808233307,0.0011384506469342124,0.0016185002496058164,0.0012860154611563754,0.0013781917542974413,3.577658908283181e-07
90,0.0015844106913363897,0.0014168045651861113,0.0017103172816675324,0.0018895489248277658,0.0014194064149966761,0.0014363401881442527,-9.104706330369011e-07
91,0.0014648760558565927,0.0016721326800966784,0.0015526255108766198,0.0019488037286812434,0.0015488706057646287,0.0016099893596053481,-1.1645823623196779e-08
92,0.001439096599055754,0.0015577863792959126,0.0016554001754642614,0.0017933435340191618,0.0015308719593698792,0.0016659663933980228,-3.9678078494213433e-07
93,0.0009979978021720413,0.0016287891151113888,0.001531798127567758,0.0017725432388635354,0.0013709995862559127,0.0016328870761472887,-4.6676563810620565e-07
94,0.0011135495679213084,0.001500933842211947,0.0014717626307052597,0.0016265266557923168,0.0017191787556917356,0.0012659870163080763,7.894903528813178e-07
95,0.0008649697823699472,0.001241216444092389,0.0012279368693076554,0.001241411241190365,0.0011917207242507514,0.0011615371607254217,-8.763067039635032e-08
96,0.0013251454848006727,0.001321282135728503,0.0005644481416216791,0.001080433090454591,0.0016259055781072636,0.0016514614412194404,2.324967244340148e-06
97,0.0010882867864240925,0.0012165014176947317,0.001385920273204264,0.0012000017799547727,0.0013093375066448704,0.000937340595950936,-2.064102973715756e-07
98,0.0011465837020465549,0.0012843737125709184,0.0014266124013099673,0.0015251494266276067,0.0015063209262655534,0.001553694483714979,2.3377978933412363e-07
99,0.0010732685318906804,0.0013671399058528206,0.0013217867049844796,0.001698113900567454,0.0015169336654238755,0.0015920873321093301,5.539676518225867e-07
