policy,frame,iteration,event,considered,protected,unprotected,rank_selected_unprotected,removed,growth,rejected,wall_ms
opacity,0,0,retention_insert_plan,0,0,0,0,0,25461,0,1.7232359969057143
opacity,0,1,retention_densify_plan,25461,237,25224,25224,0,209,0,187.8506089997245
opacity,0,101,retention_densify_plan,25670,77,25593,25593,0,13,0,188.8164939955459
opacity,0,201,retention_densify_plan,25683,68,25615,25615,0,4,0,186.8871600017883
opacity,0,301,retention_densify_plan,25687,66,25621,25621,0,6,0,192.59113100270042
opacity,0,401,retention_densify_plan,25693,84,25609,25609,0,29,0,186.31891599943629
opacity,0,501,retention_densify_plan,25722,141,25581,25581,0,77,0,204.63907800149173
opacity,0,601,retention_densify_plan,25799,148,25651,25651,0,103,0,184.65408500196645
opacity,0,701,retention_densify_plan,25900,180,25720,25720,0,137,0,191.96620799630182
opacity,0,801,retention_densify_plan,26037,198,25839,25839,0,160,0,197.37240199901862
opacity,0,901,retention_densify_plan,26197,207,25990,25990,0,163,0,203.82849300222006
opacity,0,1001,retention_densify_plan,26360,204,26156,26156,0,163,0,204.19173200207297
opacity,4,1050,retention_insert_plan,26523,306,26217,26217,0,12730,0,216.8030370012275
opacity,4,1100,retention_densify_plan,39253,905,38348,38348,0,649,0,445.5894850034383
opacity,8,1201,retention_insert_plan,29798,340,29458,24931,4527,12729,0,225.282598999911
opacity,8,1250,retention_densify_plan,38000,773,37227,37227,0,397,0,407.5075189975905
opacity,13,1352,retention_insert_plan,30663,415,30248,24856,5392,12729,0,247.14798600325594
opacity,13,1400,retention_densify_plan,38000,895,37105,37105,0,435,0,407.11146599642234
opacity,25,1503,retention_insert_plan,30224,482,29742,24789,4953,12729,0,246.58314300177153
opacity,25,1550,retention_densify_plan,38000,995,37005,37005,0,480,0,407.7401309987181
opacity,29,1654,retention_insert_plan,28882,550,28332,24721,3611,12729,0,226.15875599876745
opacity,29,1700,retention_densify_plan,38000,1173,36827,36827,0,586,0,425.81457900087116
opacity,33,1805,retention_insert_plan,28344,614,27730,24657,3073,12729,0,234.11855599988485
opacity,33,1850,retention_densify_plan,38000,1202,36798,36798,0,555,0,432.4746269994648
opacity,37,1956,retention_insert_plan,28000,675,27325,24596,2729,12729,0,234.18108899932122
opacity,37,2000,retention_densify_plan,38000,1263,36737,36737,0,546,0,399.036236005486
opacity,42,2107,retention_insert_plan,27832,646,27186,24625,2561,12729,0,223.56358700199053
opacity,42,2150,retention_densify_plan,38000,1231,36769,36769,0,502,0,420.77853699447587
opacity,47,2258,retention_insert_plan,27741,728,27013,24543,2470,12729,0,234.69394700077828
opacity,47,2300,retention_densify_plan,38000,1342,36658,36658,0,564,0,443.62764000106836
opacity,54,2409,retention_insert_plan,27946,804,27142,24466,2676,12730,0,218.8582660019165
opacity,54,2450,retention_densify_plan,38000,1357,36643,36643,0,491,0,408.69438600202557
opacity,58,2560,retention_insert_plan,27831,883,26948,24387,2561,12730,0,214.02383399981773
opacity,58,2600,retention_densify_plan,38000,1449,36551,36551,0,533,0,422.5506119983038
opacity,63,2711,retention_insert_plan,27801,953,26848,24316,2532,12731,0,228.89654399477877
opacity,63,2750,retention_densify_plan,38000,1543,36457,36457,0,573,0,409.7264899974107
opacity,69,2862,retention_insert_plan,28281,1024,27257,24245,3012,12731,0,231.06037999968976
opacity,69,2900,retention_densify_plan,38000,1708,36292,36292,0,691,0,419.905379996635
opacity,74,3013,retention_insert_plan,30294,1103,29191,24166,5025,12731,0,251.36893600574695
opacity,74,3050,retention_densify_plan,38000,1933,36067,36067,0,871,0,398.48709399666404
opacity,79,3164,retention_insert_plan,32373,1173,31200,24098,7102,12729,0,262.99683000252116
opacity,79,3200,retention_densify_plan,38000,2125,35875,35875,0,1000,0,400.42007601005025
opacity,87,3315,retention_insert_plan,33415,1252,32163,24021,8142,12727,0,262.0851210085675
opacity,87,3350,retention_densify_plan,38000,2400,35600,35600,0,1209,0,418.6986329877982
opacity,94,3466,retention_insert_plan,34187,1326,32861,23947,8914,12727,0,287.85161398991477
opacity,94,3500,retention_densify_plan,38000,2545,35455,35455,0,1321,0,437.500189000275
random,0,0,retention_insert_plan,0,0,0,0,0,25461,0,1.8084559997078031
random,0,1,retention_densify_plan,25461,237,25224,25224,0,209,0,193.51311199716292
random,0,101,retention_densify_plan,25670,77,25593,25593,0,13,0,187.0960969972657
random,0,201,retention_densify_plan,25683,68,25615,25615,0,4,0,182.02494501019828
random,0,301,retention_densify_plan,25687,66,25621,25621,0,6,0,184.25668201234657
random,0,401,retention_densify_plan,25693,80,25613,25613,0,26,0,190.7667289924575
random,0,501,retention_densify_plan,25719,139,25580,25580,0,75,0,192.18187499791384
random,0,601,retention_densify_plan,25794,151,25643,25643,0,108,0,199.11218600464053
random,0,701,retention_densify_plan,25900,172,25728,25728,0,130,0,197.44574899959844
random,0,801,retention_densify_plan,26029,194,25835,25835,0,154,0,191.2189459981164
random,0,901,retention_densify_plan,26183,197,25986,25986,0,160,0,198.7698649900267
random,0,1001,retention_densify_plan,26343,202,26141,26141,0,164,0,200.37319899711292
random,4,1050,retention_insert_plan,26507,305,26202,26202,0,12730,0,219.68530600133818
random,4,1100,retention_densify_plan,39237,936,38301,38301,0,655,0,444.9581109947758
random,8,1201,retention_insert_plan,29888,335,29553,24936,4617,12729,0,233.41639200225472
random,8,1250,retention_densify_plan,38000,740,37260,37260,0,379,0,426.7147799982922
random,13,1352,retention_insert_plan,32745,419,32326,24852,7474,12729,0,266.65441200020723
random,13,1400,retention_densify_plan,38000,860,37140,37140,0,401,0,418.4492830099771
random,25,1503,retention_insert_plan,31777,493,31284,24778,6506,12729,0,237.79951401229482
random,25,1550,retention_densify_plan,38000,956,37044,37044,0,453,0,416.7834510008106
random,29,1654,retention_insert_plan,30268,562,29706,24709,4997,12729,0,227.611087000696
random,29,1700,retention_densify_plan,38000,1085,36915,36915,0,515,0,417.45338100008667
random,33,1805,retention_insert_plan,28649,612,28037,24659,3378,12729,0,245.5710529902717
random,33,1850,retention_densify_plan,38000,1182,36818,36818,0,562,0,402.15991500008386
random,37,1956,retention_insert_plan,27400,682,26718,24589,2129,12729,0,215.0040479900781
random,37,2000,retention_densify_plan,38000,1346,36654,36654,0,653,0,421.38851700292435
random,42,2107,retention_insert_plan,26910,622,26288,26288,0,12729,0,214.41707700432744
random,42,2150,retention_densify_plan,39639,1264,38375,36144,2231,592,0,417.77893000107724
random,47,2258,retention_insert_plan,27090,711,26379,26379,0,12729,0,232.1251300018048
random,47,2300,retention_densify_plan,39819,1455,38364,35840,2524,705,0,418.3207590103848
random,54,2409,retention_insert_plan,27533,794,26739,24476,2263,12730,0,218.3620309951948
random,54,2450,retention_densify_plan,38000,1419,36581,36581,0,602,0,415.613053002744
random,58,2560,retention_insert_plan,26843,865,25978,25978,0,12730,0,223.74726099951658
random,58,2600,retention_densify_plan,39573,1583,37990,35702,2288,715,0,446.29096900462173
random,63,2711,retention_insert_plan,26840,941,25899,25899,0,12731,0,232.93044199817814
random,63,2750,retention_densify_plan,39571,1652,37919,35637,2282,711,0,421.93319799844176
random,69,2862,retention_insert_plan,27238,1008,26230,26230,0,12731,0,228.50330999062862
random,69,2900,retention_densify_plan,39969,1829,38140,35350,2790,821,0,432.41916700208094
random,74,3013,retention_insert_plan,28909,1088,27821,24181,3640,12731,0,226.1622520018136
random,74,3050,retention_densify_plan,38000,1912,36088,36088,0,887,0,434.1522010072367
random,79,3164,retention_insert_plan,30540,1177,29363,24094,5269,12729,0,240.8535499998834
random,79,3200,retention_densify_plan,38000,2088,35912,35912,0,1008,0,405.405511992285
random,87,3315,retention_insert_plan,31674,1264,30410,24009,6401,12727,0,239.33057000976987
random,87,3350,retention_densify_plan,38000,2382,35618,35618,0,1268,0,407.6681460137479
random,94,3466,retention_insert_plan,32873,1349,31524,23924,7600,12727,0,252.03455598966684
random,94,3500,retention_densify_plan,38000,2541,35459,35459,0,1373,0,421.526885998901
lru,0,0,retention_insert_plan,0,0,0,0,0,25461,0,1.67094700736925
lru,0,1,retention_densify_plan,25461,237,25224,25224,0,209,0,185.1233760098694
lru,0,101,retention_densify_plan,25670,77,25593,25593,0,13,0,187.33640600112267
lru,0,201,retention_densify_plan,25683,69,25614,25614,0,5,0,191.53891499445308
lru,0,301,retention_densify_plan,25688,66,25622,25622,0,5,0,183.9671899942914
lru,0,401,retention_densify_plan,25693,81,25612,25612,0,29,0,195.54748700466007
lru,0,501,retention_densify_plan,25722,141,25581,25581,0,77,0,188.30112100113183
lru,0,601,retention_densify_plan,25799,163,25636,25636,0,121,0,199.6981370029971
lru,0,701,retention_densify_plan,25920,173,25747,25747,0,132,0,193.53376700018998
lru,0,801,retention_densify_plan,26052,202,25850,25850,0,157,0,212.21887799038086
lru,0,901,retention_densify_plan,26208,206,26002,26002,0,162,0,196.6623750049621
lru,0,1001,retention_densify_plan,26370,204,26166,26166,0,166,0,212.62756700161844
lru,4,1050,retention_insert_plan,26536,301,26235,26235,0,12730,0,206.27216699358542
lru,4,1100,retention_densify_plan,39266,935,38331,38331,0,678,0,440.46664200141095
lru,8,1201,retention_insert_plan,30068,338,29730,24933,4797,12729,0,239.75665800389834
lru,8,1250,retention_densify_plan,38000,771,37229,37229,0,448,0,425.87907701090444
lru,14,1352,retention_insert_plan,30013,406,29607,24865,4742,12729,0,242.1185300045181
lru,14,1400,retention_densify_plan,38000,916,37084,37084,0,569,0,423.11700600839686
lru,27,1503,retention_insert_plan,28948,487,28461,24784,3677,12729,0,224.57298899826128
lru,27,1550,retention_densify_plan,38000,944,37056,37056,0,505,0,427.448838003329
lru,35,1654,retention_insert_plan,28371,551,27820,24720,3100,12729,0,232.98570500628557
lru,35,1700,retention_densify_plan,38000,995,37005,37005,0,472,0,419.9006559938425
lru,42,1805,retention_insert_plan,27652,606,27046,24665,2381,12729,0,226.23925500374753
lru,42,1850,retention_densify_plan,38000,1124,36876,36876,0,563,0,394.24800699634943
lru,51,1956,retention_insert_plan,27665,676,26989,24594,2395,12730,0,209.64815000479575
lru,51,2000,retention_densify_plan,38000,1294,36706,36706,0,670,0,407.83908498997334
lru,57,2107,retention_insert_plan,27399,645,26754,24625,2129,12730,0,228.232964000199
lru,57,2150,retention_densify_plan,38000,1249,36751,36751,0,612,0,414.90239900304005
lru,62,2258,retention_insert_plan,26125,703,25422,25422,0,12730,0,226.63480500341393
lru,62,2300,retention_densify_plan,38855,1287,37568,37568,0,570,0,433.12854500254616
lru,68,2409,retention_insert_plan,26828,761,26067,26067,0,12731,0,218.43160699063446
lru,68,2450,retention_densify_plan,39559,1483,38076,35809,2267,708,0,416.8310770037351
lru,73,2560,retention_insert_plan,28428,866,27562,24403,3159,12731,0,246.1503249942325
lru,73,2600,retention_densify_plan,38000,1657,36343,36343,0,949,0,416.51447900221683
lru,78,2711,retention_insert_plan,28696,925,27771,24346,3425,12729,0,233.04012000153307
lru,78,2750,retention_densify_plan,38000,1799,36201,36201,0,1124,0,428.9506689965492
lru,85,2862,retention_insert_plan,29491,1006,28485,24267,4218,12727,0,223.5123039863538
lru,85,2900,retention_densify_plan,38000,2075,35925,35925,0,1434,0,426.5874690026976
lru,93,3013,retention_insert_plan,30594,1116,29478,24157,5321,12727,0,233.99076200439595
lru,93,3050,retention_densify_plan,38000,2156,35844,35844,0,1567,0,435.6710129941348
lru,99,3164,retention_insert_plan,31195,1211,29984,24063,5921,12726,0,236.77073800354265
lru,99,3200,retention_densify_plan,38000,2227,35773,35773,0,1633,0,419.03531800198834
tracking_support,0,0,retention_insert_plan,0,0,0,0,0,25461,0,1.746918002027087
tracking_support,0,1,retention_densify_plan,25461,237,25224,25224,0,209,0,178.53722001018468
tracking_support,0,101,retention_densify_plan,25670,77,25593,25593,0,13,0,197.73456099210307
tracking_support,0,201,retention_densify_plan,25683,69,25614,25614,0,5,0,197.70576800510753
tracking_support,0,301,retention_densify_plan,25688,65,25623,25623,0,4,0,180.48461500438862
tracking_support,0,401,retention_densify_plan,25692,82,25610,25610,0,26,0,194.5939580036793
tracking_support,0,501,retention_densify_plan,25718,132,25586,25586,0,68,0,187.9199169925414
tracking_support,0,601,retention_densify_plan,25786,152,25634,25634,0,108,0,190.5405699944822
tracking_support,0,701,retention_densify_plan,25892,180,25712,25712,0,139,0,184.19648898998275
tracking_support,0,801,retention_densify_plan,26031,182,25849,25849,0,145,0,197.990162007045
tracking_support,0,901,retention_densify_plan,26176,196,25980,25980,0,162,0,206.90129000286106
tracking_support,0,1001,retention_densify_plan,26338,196,26142,26142,0,158,0,192.48473300831392
tracking_support,4,1050,retention_insert_plan,26496,301,26195,26195,0,12730,0,213.03023300424684
tracking_support,4,1100,retention_densify_plan,39226,972,38254,38254,0,704,0,445.6276919954689
tracking_support,8,1201,retention_insert_plan,30228,339,29889,24932,4957,12729,0,237.7517979912227
tracking_support,8,1250,retention_densify_plan,38000,858,37142,37142,0,535,0,408.8746109919157
tracking_support,14,1352,retention_insert_plan,29744,412,29332,24859,4473,12729,0,233.78206499910448
tracking_support,14,1400,retention_densify_plan,38000,910,37090,37090,0,523,0,399.6114229958039
tracking_support,27,1503,retention_insert_plan,28378,505,27873,24766,3107,12729,0,233.6319340101909
tracking_support,27,1550,retention_densify_plan,38000,962,37038,37038,0,491,0,426.7170469975099
tracking_support,39,1654,retention_insert_plan,27545,572,26973,24699,2274,12729,0,232.32454400567804
tracking_support,39,1700,retention_densify_plan,38000,1105,36895,36895,0,536,0,394.3241679953644
tracking_support,46,1805,retention_insert_plan,27699,642,27057,24629,2428,12729,0,218.78318701055832
tracking_support,46,1850,retention_densify_plan,38000,1170,36830,36830,0,557,0,441.84926101297606
tracking_support,54,1956,retention_insert_plan,28361,717,27644,24553,3091,12730,0,228.8495579996379
tracking_support,54,2000,retention_densify_plan,38000,1257,36743,36743,0,582,0,432.5252740090946
tracking_support,59,2107,retention_insert_plan,27832,648,27184,24622,2562,12730,0,233.0601569992723
tracking_support,59,2150,retention_densify_plan,38000,1197,36803,36803,0,543,0,420.8651060034754
tracking_support,64,2258,retention_insert_plan,27071,715,26356,26356,0,12731,0,225.5767000024207
tracking_support,64,2300,retention_densify_plan,39802,1350,38452,35999,2453,651,0,416.8013639864512
tracking_support,70,2409,retention_insert_plan,27885,794,27091,24475,2616,12731,0,240.1728889963124
tracking_support,70,2450,retention_densify_plan,38000,1521,36479,36479,0,759,0,423.34688401024323
tracking_support,75,2560,retention_insert_plan,28594,880,27714,24390,3324,12730,0,226.59625399683136
tracking_support,75,2600,retention_densify_plan,38000,1588,36412,36412,0,840,0,422.6740160083864
tracking_support,80,2711,retention_insert_plan,29918,977,28941,24294,4647,12729,0,256.52923301095143
tracking_support,80,2750,retention_densify_plan,38000,1722,36278,36278,0,902,0,428.5147170012351
tracking_support,89,2862,retention_insert_plan,31066,1080,29986,24192,5794,12728,0,254.1525339911459
tracking_support,89,2900,retention_densify_plan,38000,2045,35955,35955,0,1220,0,421.02590900321957
tracking_support,96,3013,retention_insert_plan,32209,1162,31047,24111,6936,12727,0,247.81150299531873
tracking_support,96,3050,retention_densify_plan,38000,2152,35848,35848,0,1336,0,437.2034230036661
tracking_support_no_T,0,0,retention_insert_plan,0,0,0,0,0,25461,0,1.9132769957650453
tracking_support_no_T,0,1,retention_densify_plan,25461,237,25224,25224,0,209,0,193.09100099781062
tracking_support_no_T,0,101,retention_densify_plan,25670,78,25592,25592,0,14,0,207.5189729948761
tracking_support_no_T,0,201,retention_densify_plan,25684,66,25618,25618,0,3,0,187.8312629996799
tracking_support_no_T,0,301,retention_densify_plan,25687,66,25621,25621,0,6,0,191.96320000628475
tracking_support_no_T,0,401,retention_densify_plan,25693,79,25614,25614,0,21,0,187.30638999841176
tracking_support_no_T,0,501,retention_densify_plan,25714,142,25572,25572,0,78,0,183.91131599491928
tracking_support_no_T,0,601,retention_densify_plan,25792,165,25627,25627,0,125,0,186.20828801067546
tracking_support_no_T,0,701,retention_densify_plan,25915,171,25744,25744,0,132,0,192.36641099269036
tracking_support_no_T,0,801,retention_densify_plan,26046,181,25865,25865,0,144,0,210.65065999573562
tracking_support_no_T,0,901,retention_densify_plan,26190,194,25996,25996,0,156,0,188.31855199823622
tracking_support_no_T,0,1001,retention_densify_plan,26346,210,26136,26136,0,170,0,190.78096399607603
tracking_support_no_T,4,1050,retention_insert_plan,26515,294,26221,26221,0,12730,0,238.5323979979148
tracking_support_no_T,4,1100,retention_densify_plan,39245,884,38361,38361,0,617,0,451.5201689937385
tracking_support_no_T,8,1201,retention_insert_plan,30165,338,29827,24933,4894,12729,0,237.05215900554322
tracking_support_no_T,8,1250,retention_densify_plan,38000,895,37105,37105,0,556,0,406.59781100112014
tracking_support_no_T,14,1352,retention_insert_plan,30371,418,29953,24853,5100,12729,0,247.00761200801935
tracking_support_no_T,14,1400,retention_densify_plan,38000,928,37072,37072,0,533,0,410.902977004298
tracking_support_no_T,26,1503,retention_insert_plan,28531,511,28020,24760,3260,12729,0,231.2077539972961
tracking_support_no_T,26,1550,retention_densify_plan,38000,1015,36985,36985,0,514,0,399.40171300258953
tracking_support_no_T,38,1654,retention_insert_plan,27644,581,27063,24690,2373,12729,0,224.15558001375757
tracking_support_no_T,38,1700,retention_densify_plan,38000,1100,36900,36900,0,538,0,403.9280660072109
tracking_support_no_T,45,1805,retention_insert_plan,27565,659,26906,24612,2294,12729,0,225.17438800423406
tracking_support_no_T,45,1850,retention_densify_plan,38000,1162,36838,36838,0,550,0,431.45080500107724
tracking_support_no_T,54,1956,retention_insert_plan,27989,731,27258,24539,2719,12730,0,223.58438700030092
tracking_support_no_T,54,2000,retention_densify_plan,38000,1297,36703,36703,0,629,0,418.26352500356734
tracking_support_no_T,59,2107,retention_insert_plan,27859,657,27202,24613,2589,12730,0,220.14702200249303
tracking_support_no_T,59,2150,retention_densify_plan,38000,1189,36811,36811,0,543,0,426.89430998871103
tracking_support_no_T,64,2258,retention_insert_plan,27133,710,26423,26423,0,12731,0,229.6800699987216
tracking_support_no_T,64,2300,retention_densify_plan,39864,1332,38532,36050,2482,618,0,438.5231750056846
tracking_support_no_T,70,2409,retention_insert_plan,27799,801,26998,24468,2530,12731,0,231.47929800325073
tracking_support_no_T,70,2450,retention_densify_plan,38000,1473,36527,36527,0,733,0,415.4897430125857
tracking_support_no_T,75,2560,retention_insert_plan,28673,904,27769,24366,3403,12730,0,237.5520709902048
tracking_support_no_T,75,2600,retention_densify_plan,38000,1611,36389,36389,0,824,0,410.5229569977382
tracking_support_no_T,80,2711,retention_insert_plan,29824,1003,28821,24268,4553,12729,0,246.0856529942248
tracking_support_no_T,80,2750,retention_densify_plan,38000,1860,36140,36140,0,1043,0,429.4885759882163
tracking_support_no_T,89,2862,retention_insert_plan,31176,1109,30067,24163,5904,12728,0,246.6349759924924
tracking_support_no_T,89,2900,retention_densify_plan,38000,2054,35946,35946,0,1199,0,430.1528910000343
tracking_support_no_T,96,3013,retention_insert_plan,32250,1212,31038,24061,6977,12727,0,260.32085198676214
tracking_support_no_T,96,3050,retention_densify_plan,38000,2197,35803,35803,0,1378,0,411.0225050098961
