time_wall_s,pid,event,frame_idx,mapping_iteration,gaussian_count,retained_keyframes,window_keyframes,cuda_allocated_bytes,cuda_reserved_bytes,cuda_peak_allocated_bytes,cuda_peak_reserved_bytes,mapping_enqueue_ms,count_before,count_after,attempted_growth,admitted_growth,rejected_growth,protected_rows,policy_wall_ms,row_ceiling,row_violation
1791252573.9989834,120048,frontend_frame,1,0,21484,1,1,25140224,73400320,61944320,73400320,,,,,,,,,,
1791252574.8050165,120048,frontend_frame,2,0,21484,1,1,25305088,94371840,69492736,94371840,,,,,,,,,,
1791252575.3804934,120048,frontend_frame,3,0,21484,1,1,30217216,98566144,74568704,98566144,,,,,,,,,,
1791252576.0300398,120048,frontend_frame,4,0,21484,1,1,25307136,98566144,74568704,98566144,,,,,,,,,,
1791252576.720272,120048,frontend_frame,5,0,21484,1,1,30219776,98566144,74570752,98566144,,,,,,,,,,
1791252577.5489151,120048,frontend_frame,6,0,21484,2,2,29305344,98566144,74570752,98566144,,,,,,,,,,
1791252582.1104646,120048,frontend_frame,7,0,10253,2,2,25771008,98566144,74570752,98566144,,,,,,,,,,
1791252582.8758502,120048,frontend_frame,8,0,10253,2,2,28282368,98566144,74570752,98566144,,,,,,,,,,
1791252583.6833088,120048,frontend_frame,9,0,10253,2,2,30629888,98566144,74570752,98566144,,,,,,,,,,
1791252584.7640085,120048,frontend_frame,10,0,10253,2,2,25774080,52428800,74570752,98566144,,,,,,,,,,
1791252585.5286167,120048,frontend_frame,11,0,10253,3,3,32199680,94371840,74570752,98566144,,,,,,,,,,
1791252589.6867154,120048,frontend_frame,12,0,10645,3,3,30053376,94371840,74570752,98566144,,,,,,,,,,
1791252590.3044975,120048,frontend_frame,13,0,10645,3,3,32409600,94371840,74570752,98566144,,,,,,,,,,
1791252590.894578,120048,frontend_frame,14,0,10645,3,3,30055424,96468992,74570752,98566144,,,,,,,,,,
1791252591.482613,120048,frontend_frame,15,0,10645,3,3,32493568,96468992,74570752,98566144,,,,,,,,,,
1791252592.136878,120048,frontend_frame,16,0,10645,3,3,34932224,96468992,74570752,98566144,,,,,,,,,,
1791252592.759431,120048,frontend_frame,17,0,10645,4,4,33972736,96468992,74570752,98566144,,,,,,,,,,
1791252598.0593212,120048,frontend_frame,18,0,11571,4,4,34173952,96468992,75901952,98566144,,,,,,,,,,
1791252598.662478,120048,frontend_frame,19,0,11571,4,4,37077504,96468992,76184576,98566144,,,,,,,,,,
1791252599.1443386,120048,frontend_frame,20,0,11571,4,4,39735296,75497472,77876736,98566144,,,,,,,,,,
1791252599.6248217,120048,frontend_frame,21,0,11571,4,4,37079552,100663296,80514048,100663296,,,,,,,,,,
1791252600.1060307,120048,frontend_frame,22,0,11571,5,5,43651584,100663296,80514048,100663296,,,,,,,,,,
