frame,fixed_frame_error_m,keyframe_count,cumulative_mapping_iterations,pruning_admission_events,gaussian_count,all_pruning_admission_events
0,0.003619507982660436,1,1050,retention_insert_plan;retention_densify_plan;retention_densify_plan;retention_densify_plan;retention_densify_plan;retention_densify_plan;retention_densify_plan;retention_densify_plan;retention_densify_plan;retention_densify_plan;retention_densify_plan;retention_densify_plan,32744,retention_insert_plan;retention_densify_plan;upstream_init_densify_prune;retention_densify_plan;upstream_init_densify_prune;retention_densify_plan;upstream_init_densify_prune;retention_densify_plan;upstream_init_densify_prune;retention_densify_plan;upstream_init_densify_prune;retention_densify_plan;upstream_init_densify_prune;retention_densify_plan;upstream_init_densify_prune;retention_densify_plan;upstream_init_densify_prune;retention_densify_plan;upstream_init_densify_prune;retention_densify_plan;upstream_init_densify_prune;retention_densify_plan;upstream_init_densify_prune
1,0.003564919589841137,1,1050,,32744,
2,0.003342562581381139,1,1050,,32744,
3,0.003885258652069804,1,1050,,32744,
4,0.004111403346310711,1,1050,,32744,
5,0.0037485853961215787,1,1050,,32744,
6,0.0031789099758783184,1,1050,,32744,
7,0.0033393303854866085,1,1050,,32744,
8,0.002834344490914065,1,1050,,32744,
9,0.0028950809181375456,1,1050,,32744,
10,0.002487569130740135,1,1050,,32744,
11,0.0030767464733588647,1,1050,,32744,
12,0.0029673028918455807,1,1050,,32744,
13,0.0023014513561706276,1,1050,,32744,
14,0.0024023496638693096,1,1050,,32744,
15,0.00251626119122143,1,1050,,32744,
16,0.0025222212306280495,1,1050,,32744,
17,0.0024434177416349117,1,1050,,32744,
18,0.0022816924891131104,1,1050,,32744,
19,0.002089301165339168,1,1050,,32744,
20,0.0021750062735504203,1,1050,,32744,
21,0.0018242597232123402,2,1201,retention_insert_plan;retention_densify_plan,31740,retention_insert_plan;retention_densify_plan;upstream_map_densify_prune;map_prune_iteration
22,0.0021398486675539645,2,1201,,31740,
23,0.0012601474291735995,2,1201,,31740,
24,0.0019435471762548563,2,1201,,31740,
25,0.0018618379271291734,2,1201,,31740,
26,0.0014450271349581245,3,1352,retention_insert_plan;retention_densify_plan,32256,retention_insert_plan;retention_densify_plan;upstream_map_densify_prune;map_prune_iteration
27,0.0014730469674611906,3,1352,,32256,
28,0.001887374048744481,3,1352,,32256,
29,0.0017981058746905348,3,1352,,32256,
30,0.0011673530138589722,4,1503,retention_insert_plan;retention_densify_plan,31827,retention_insert_plan;retention_densify_plan;upstream_map_densify_prune;map_prune_iteration
31,0.0008006124699813712,4,1503,,31827,
32,0.0010151894169797798,4,1503,,31827,
33,0.001614217901407745,4,1503,,31827,
34,0.0013708344963449276,4,1503,,31827,
35,0.0013295802341978422,4,1503,,31827,
36,0.0008303823067644901,5,1654,retention_insert_plan;retention_densify_plan,31157,retention_insert_plan;retention_densify_plan;upstream_map_densify_prune;map_prune_iteration
37,0.0013180777063570694,5,1654,,31157,
38,0.0016069108003388846,5,1654,,31157,
39,0.001230642015239144,5,1654,,31157,
40,0.001285558082564348,5,1654,,31157,
41,0.0011942837918189632,5,1654,,31157,
42,0.0013409517002785044,5,1654,,31157,
43,0.0012585492565851447,5,1654,,31157,
44,0.0011641803264152183,5,1654,,31157,
45,0.0010285525324978163,5,1654,,31157,
46,0.00041825423506037607,6,1805,retention_insert_plan;retention_densify_plan,30184,retention_insert_plan;retention_densify_plan;upstream_map_densify_prune;map_prune_iteration
47,0.0012846079528020628,6,1805,,30184,
48,0.0011605951544697093,6,1805,,30184,
49,0.0013102394903523374,6,1805,,30184,
50,0.0013087728664277572,6,1805,,30184,
51,0.00038718200384794537,7,1956,retention_insert_plan;retention_densify_plan,29610,retention_insert_plan;retention_densify_plan;upstream_map_densify_prune;map_prune_iteration
52,0.0009775497486889124,7,1956,,29610,
53,0.0010895580232051809,7,1956,,29610,
54,0.001228231895927942,7,1956,,29610,
55,0.0013514786185076723,7,1956,,29610,
56,0.0006771338809183967,8,2107,retention_insert_plan;retention_densify_plan,29416,retention_insert_plan;retention_densify_plan;upstream_map_densify_prune;map_prune_iteration
57,0.001116762926517426,8,2107,,29416,
58,0.0016141907603389757,8,2107,,29416,
59,0.0015139910980467713,8,2107,,29416,
60,0.0015980822321643535,8,2107,,29416,
61,0.001959426365087588,8,2107,,29416,
62,0.0017120615790585183,8,2107,,29416,
63,0.0010656725847099147,9,2258,retention_insert_plan;retention_densify_plan,29070,retention_insert_plan;retention_densify_plan;upstream_map_densify_prune;map_prune_iteration
64,0.001846145426173663,9,2258,,29070,
65,0.0011125269861868821,9,2258,,29070,
66,0.0017023273579123558,9,2258,,29070,
67,0.001720670056746224,9,2258,,29070,
68,0.0011837535052905991,10,2409,retention_insert_plan;retention_densify_plan,29155,retention_insert_plan;retention_densify_plan;upstream_map_densify_prune;map_prune_iteration
69,0.0018438467468044294,10,2409,,29155,
70,0.00173996342739701,10,2409,,29155,
71,0.0017868458596153028,10,2409,,29155,
72,0.0018698447331626056,10,2409,,29155,
73,0.0014169690046289336,10,2409,,29155,
74,0.0014440769197465596,11,2560,retention_insert_plan;retention_densify_plan,29396,retention_insert_plan;retention_densify_plan;upstream_map_densify_prune;map_prune_iteration
75,0.0016156815408493131,11,2560,,29396,
76,0.001806785873001981,11,2560,,29396,
77,0.001647626570869022,11,2560,,29396,
78,0.0012167532636247866,11,2560,,29396,
79,0.0012209674492334273,11,2560,,29396,
80,0.0013869245424916476,12,2711,retention_insert_plan;retention_densify_plan,29626,retention_insert_plan;retention_densify_plan;upstream_map_densify_prune;map_prune_iteration
81,0.0013138307486474745,12,2711,,29626,
82,0.0009915576515220222,12,2711,,29626,
83,0.0016264192126819498,12,2711,,29626,
84,0.0015462711612176535,12,2711,,29626,
85,0.0011542170273889103,12,2711,,29626,
86,0.001018937141282611,12,2711,,29626,
87,0.0013630026361343287,13,2862,retention_insert_plan;retention_densify_plan,29891,retention_insert_plan;retention_densify_plan;upstream_map_densify_prune;map_prune_iteration
88,0.0012401499954200206,13,2862,,29891,
89,0.0015755159456429062,13,2862,,29891,
90,0.0011509863413226092,13,2862,,29891,
91,0.0010905792206413075,13,2862,,29891,
92,0.001512502976658962,13,2862,,29891,
93,0.001352201887041009,13,2862,,29891,
94,0.0010597265423628454,13,2862,,29891,
95,0.0010606042858187848,13,2862,,29891,
96,0.0011333481721401396,13,2862,,29891,
97,0.0008249363999264875,13,2862,,29891,
98,0.0012199990049502048,13,2862,,29891,
99,0.0016233671269874784,13,2862,,29891,
100,0.0010617133727299037,14,3013,retention_insert_plan;retention_densify_plan,29081,retention_insert_plan;retention_densify_plan;upstream_map_densify_prune;map_prune_iteration
101,0.001201034359956352,14,3013,,29081,
102,0.0015577814405573222,14,3013,,29081,
103,0.0013397363735379083,14,3013,,29081,
104,0.0012210003199857376,14,3013,,29081,
105,0.001087440163258004,14,3013,,29081,
106,0.0006377911176774683,15,3164,retention_insert_plan;retention_densify_plan,28598,retention_insert_plan;retention_densify_plan;upstream_map_densify_prune;map_prune_iteration
107,0.0013513085954955212,15,3164,,28598,
108,0.0010899535152729825,15,3164,,28598,
109,0.0009426516445146342,15,3164,,28598,
110,0.0009634309734610716,15,3164,,28598,
111,0.0004163919307332971,16,3315,retention_insert_plan;retention_densify_plan,28076,retention_insert_plan;retention_densify_plan;upstream_map_densify_prune;map_prune_iteration
112,0.001083837838386486,16,3315,,28076,
113,0.0008405706114314449,16,3315,,28076,
114,0.0007983971885045342,16,3315,,28076,
115,0.0007263056974664639,16,3315,,28076,
116,0.0006480514599420578,16,3315,,28076,
117,0.0005977195956115497,16,3315,,28076,
118,0.0005773158048641104,16,3315,,28076,
119,0.0004920074457682497,16,3315,,28076,
120,0.0005739647604151094,16,3315,,28076,
121,0.0006507244435756061,16,3315,,28076,
122,0.0005262449374868988,17,3466,retention_insert_plan;retention_densify_plan,28534,retention_insert_plan;retention_densify_plan;upstream_map_densify_prune;map_prune_iteration
123,0.00031983012554055826,17,3466,,28534,
124,0.00025203541652466183,17,3466,,28534,
125,0.00042052449143968336,17,3466,,28534,
126,0.00017075497979577255,17,3466,,28534,
127,0.00031399516917811186,17,3466,,28534,
128,0.00041933274577764007,17,3466,,28534,
129,0.00014136697226278355,17,3466,,28534,
130,0.00024950367075916624,17,3466,,28534,
131,0.0005559820757570577,18,3617,retention_insert_plan;retention_densify_plan,28903,retention_insert_plan;retention_densify_plan;upstream_map_densify_prune;map_prune_iteration
132,0.0002719635038003904,18,3617,,28903,
133,0.00041997460426042174,18,3617,,28903,
134,0.00022208419947370548,18,3617,,28903,
135,0.00024021567471187974,18,3617,,28903,
136,0.00012752183656952325,18,3617,,28903,
137,0.00054481336425124,19,3768,retention_insert_plan;retention_densify_plan,29181,retention_insert_plan;retention_densify_plan;upstream_map_densify_prune;map_prune_iteration
138,0.00017302326239663265,19,3768,,29181,
139,9.65308474577099e-05,19,3768,,29181,
140,0.00011269116292606593,19,3768,,29181,
141,0.00026628461110868594,19,3768,,29181,
142,0.00035481100235927674,19,3768,,29181,
143,0.0002556438641614727,20,3919,retention_insert_plan;retention_densify_plan,29227,retention_insert_plan;retention_densify_plan;upstream_map_densify_prune;map_prune_iteration
144,0.00022827468046256695,20,3919,,29227,
145,0.0004214617807072,20,3919,,29227,
146,0.0003342870499602369,20,3919,,29227,
147,0.0004939730667488303,20,3919,,29227,
148,0.0007653890041245575,20,3919,,29227,
149,0.00037255039651167574,20,3919,,29227,
150,0.000533417894243166,20,3919,,29227,
151,0.00037929068247032234,21,4070,retention_insert_plan;retention_densify_plan,29176,retention_insert_plan;retention_densify_plan;upstream_map_densify_prune;map_prune_iteration
152,0.0008583975435987868,21,4070,,29176,
153,0.0010998244408450756,21,4070,,29176,
154,0.0006800717120513529,21,4070,,29176,
155,0.000528197597389121,21,4070,,29176,
156,0.0007104680563173956,21,4070,,29176,
157,0.00048794395532646286,21,4070,,29176,
158,0.00048294505773812063,21,4070,,29176,
159,0.001168247140599245,21,4070,,29176,
160,0.0004846833615169035,22,4221,retention_insert_plan;retention_densify_plan,28701,retention_insert_plan;retention_densify_plan;upstream_map_densify_prune;map_prune_iteration
161,0.0004942271126461366,22,4221,,28701,
162,0.0004482606999565714,22,4221,,28701,
163,0.00034712812919187566,22,4221,,28701,
164,0.0005012599681037153,22,4221,,28701,
165,0.00030014117672839936,22,4221,,28701,
166,0.00033466613060384595,22,4221,,28701,
167,0.0002940233550805807,22,4221,,28701,
168,0.00030572387230209746,22,4221,,28701,
169,0.0003706916653954791,22,4221,,28701,
170,0.0002782452389973479,23,4372,retention_insert_plan;retention_densify_plan,28611,retention_insert_plan;retention_densify_plan;upstream_map_densify_prune;map_prune_iteration
171,0.00023309387793454884,23,4372,,28611,
172,0.0009596248904494895,23,4372,,28611,
173,0.00022123723140477766,23,4372,,28611,
174,0.0003643316438806328,23,4372,,28611,
175,0.0004088805791381426,23,4372,,28611,
176,0.0002901118033851428,23,4372,,28611,
177,0.00037443139428520696,23,4372,,28611,
178,0.0010836520247836337,23,4372,,28611,
179,0.00042612682964747976,24,4523,retention_insert_plan;retention_densify_plan,28741,retention_insert_plan;retention_densify_plan;upstream_map_densify_prune;map_prune_iteration
180,0.0005324797609921229,24,4523,,28741,
181,0.0005593721140501078,24,4523,,28741,
182,0.0007956943623814276,24,4523,,28741,
183,0.0006992067179667666,24,4523,,28741,
184,0.0009101967623732899,24,4523,,28741,
185,0.0007429886898507835,24,4523,,28741,
186,0.0008634959822521646,24,4523,,28741,
187,0.0005965813937421073,24,4523,,28741,
188,0.0005946905511370887,24,4523,,28741,
189,0.0006442330241035918,25,4674,retention_insert_plan;retention_densify_plan,29181,retention_insert_plan;retention_densify_plan;upstream_map_densify_prune;map_prune_iteration
190,0.0007187679516183795,25,4674,,29181,
191,0.0005722175183665751,25,4674,,29181,
192,0.0001542484345054666,25,4674,,29181,
193,0.00019566047910475715,25,4674,,29181,
194,0.0006513309073815567,25,4674,,29181,
195,0.0005056412921205795,25,4674,,29181,
196,0.0007380026727832345,26,4825,retention_insert_plan;retention_densify_plan,29827,retention_insert_plan;retention_densify_plan;upstream_map_densify_prune;map_prune_iteration
197,0.0006937697807145247,26,4825,,29827,
198,0.0007626957539556066,26,4825,,29827,
199,0.0005783313988656839,26,4825,,29827,
200,0.0006238711916213787,26,4825,,29827,
201,0.0006732297621564223,26,4825,,29827,
202,0.0006204537754647867,26,4825,,29827,
203,0.0006353250141579889,27,4976,retention_insert_plan;retention_densify_plan,30053,retention_insert_plan;retention_densify_plan;upstream_map_densify_prune;map_prune_iteration
204,0.0006447092263483575,27,4976,,30053,
205,0.0006016020359157963,27,4976,,30053,
206,0.0005453737195530811,27,4976,,30053,
207,0.0005992087155420777,27,4976,,30053,
208,0.0003665741763412844,27,4976,,30053,
209,0.0006659940777323844,28,5127,retention_insert_plan;retention_densify_plan,30553,retention_insert_plan;retention_densify_plan;upstream_map_densify_prune;map_prune_iteration
210,0.00026647268519108184,28,5127,,30553,
211,0.0002534748872229156,28,5127,,30553,
212,0.00029046012268693844,28,5127,,30553,
213,0.0003481864093048972,28,5127,,30553,
214,0.0007589601856528614,29,5278,retention_insert_plan;retention_densify_plan,30862,retention_insert_plan;retention_densify_plan;upstream_map_densify_prune;map_prune_iteration
215,0.00030287872514436634,29,5278,,30862,
216,0.00021018076171376378,29,5278,,30862,
217,0.00015289449179481393,29,5278,,30862,
218,0.00012073469301645034,29,5278,,30862,
219,0.0004302799192392807,29,5278,,30862,
220,0.0008727661360797181,30,5429,retention_insert_plan;retention_densify_plan,30862,retention_insert_plan;retention_densify_plan;upstream_map_densify_prune;map_prune_iteration
221,0.00021667185099581016,30,5429,,30862,
222,0.00015194503377939032,30,5429,,30862,
223,0.00020789861858581151,30,5429,,30862,
224,0.0006472546714210968,30,5429,,30862,
225,0.0008066952557980936,30,5429,,30862,
226,0.000375852225631503,30,5429,,30862,
227,0.00044251504834426277,30,5429,,30862,
228,0.00039701350365130994,30,5429,,30862,
229,0.0005642433172026582,30,5429,,30862,
230,0.0007372432154741674,30,5429,,30862,
231,0.0007168314176477807,31,5580,retention_insert_plan;retention_densify_plan,30608,retention_insert_plan;retention_densify_plan;upstream_map_densify_prune;map_prune_iteration
232,0.00010830201516129532,31,5580,,30608,
233,0.0002955993740534385,31,5580,,30608,
234,0.0004678194378088641,31,5580,,30608,
235,0.0003935310657052363,31,5580,,30608,
236,0.00026307556623684093,31,5580,,30608,
237,0.0002159973664646641,31,5580,,30608,
238,0.0002606074174872534,31,5580,,30608,
239,0.00043102116365971004,31,5580,,30608,
240,0.0005110005273229006,31,5580,,30608,
241,0.0009261128021662132,32,5731,retention_insert_plan;retention_densify_plan,29842,retention_insert_plan;retention_densify_plan;upstream_map_densify_prune;map_prune_iteration
242,0.0005191008980112992,32,5731,,29842,
243,0.0005609966499966245,32,5731,,29842,
244,0.0005198578311675042,32,5731,,29842,
245,0.0004396015075338741,32,5731,,29842,
246,0.0006679232492562447,32,5731,,29842,
247,0.0006627422594233195,32,5731,,29842,
248,0.0006497837535753168,32,5731,,29842,
249,0.0007880942162568907,33,5882,retention_insert_plan;retention_densify_plan,29047,retention_insert_plan;retention_densify_plan;upstream_map_densify_prune;map_prune_iteration
250,0.0008371597707253752,33,5882,,29047,
251,0.00092023129191237,33,5882,,29047,
252,0.0008335841952355867,33,5882,,29047,
253,0.000668578575229508,33,5882,,29047,
254,0.0008054649736140014,33,5882,,29047,
255,0.0007302338932289656,33,5882,,29047,
256,0.0004944490508875069,33,5882,,29047,
257,0.0004533961669914397,33,5882,,29047,
258,0.0007642566209757168,34,6033,retention_insert_plan;retention_densify_plan,28885,retention_insert_plan;retention_densify_plan;upstream_map_densify_prune;map_prune_iteration
259,0.0007764325529199253,34,6033,,28885,
260,0.0006745070864341523,34,6033,,28885,
261,0.0006936056244177184,34,6033,,28885,
262,0.0002904728913292222,34,6033,,28885,
263,0.0008589714875560813,34,6033,,28885,
264,0.0008548686359452325,34,6033,,28885,
265,0.00023789127980938086,34,6033,,28885,
266,0.0003678965466574101,34,6033,,28885,
267,0.0007503217825751569,35,6184,retention_insert_plan;retention_densify_plan,27729,retention_insert_plan;retention_densify_plan;upstream_map_densify_prune;map_prune_iteration
268,0.001058610162488147,35,6184,,27729,
269,0.0004918426957423067,35,6184,,27729,
270,0.0003088878237153334,35,6184,,27729,
271,0.00035645364777574023,35,6184,,27729,
272,0.0009418741913971063,35,6184,,27729,
273,0.0005053475217580175,35,6184,,27729,
274,0.0004352992367954978,35,6184,,27729,
275,0.00022637308952045096,35,6184,,27729,
276,0.0005208704217089793,36,6335,retention_insert_plan;retention_densify_plan,26738,retention_insert_plan;retention_densify_plan;upstream_map_densify_prune;map_prune_iteration
277,0.00035358160644845016,36,6335,,26738,
278,0.0002189860630479408,36,6335,,26738,
279,0.0006093864840920754,36,6335,,26738,
280,0.0001402308077400887,36,6335,,26738,
281,0.00020863689191695707,36,6335,,26738,
282,0.0007305316356447779,36,6335,,26738,
283,0.00023551639295236844,36,6335,,26738,
284,0.0010845742910708576,36,6335,,26738,
285,0.000458552448375219,37,6486,retention_insert_plan;retention_densify_plan,26880,retention_insert_plan;retention_densify_plan;upstream_map_densify_prune;map_prune_iteration
286,0.0006769175684747085,37,6486,,26880,
287,0.0001602663855125769,37,6486,,26880,
288,0.00015788988593418493,37,6486,,26880,
289,0.0002472351400625845,37,6486,,26880,
290,0.00021331945232655675,37,6486,,26880,
291,0.00021898037353908697,37,6486,,26880,
292,0.00029759436759938576,38,6637,retention_insert_plan;retention_densify_plan,27230,retention_insert_plan;retention_densify_plan;upstream_map_densify_prune;map_prune_iteration
293,0.0004087777955875927,38,6637,,27230,
294,0.0004414434734941157,38,6637,,27230,
295,0.00032586875495530296,38,6637,,27230,
296,0.0006030184599087482,38,6637,,27230,
297,0.00047709654444653645,38,6637,,27230,
298,0.0002648304032810861,39,6788,retention_insert_plan;retention_densify_plan,27348,retention_insert_plan;retention_densify_plan;upstream_map_densify_prune;map_prune_iteration
299,0.0003536790052226401,39,6788,,27348,
300,0.0007952664224704576,39,6788,,27348,
301,0.0006338163157081867,39,6788,,27348,
302,0.00036597998382233913,39,6788,,27348,
303,0.0005726626548294354,39,6788,,27348,
304,0.0003873901108860798,40,6939,retention_insert_plan;retention_densify_plan,26999,retention_insert_plan;retention_densify_plan;upstream_map_densify_prune;map_prune_iteration
305,0.0007128854688696524,40,6939,,26999,
306,0.0006619003829585279,40,6939,,26999,
307,0.0008106071907301038,40,6939,,26999,
308,0.0006965135606903489,40,6939,,26999,
309,0.0006314225172840417,40,6939,,26999,
310,0.00047714315977186866,41,7090,retention_insert_plan;retention_densify_plan,27640,retention_insert_plan;retention_densify_plan;upstream_map_densify_prune;map_prune_iteration
311,0.0005087222964556821,41,7090,,27640,
312,0.0005543433526297664,41,7090,,27640,
313,0.0006440939490542126,41,7090,,27640,
314,0.0006630216344079243,41,7090,,27640,
315,0.0006182047893223319,41,7090,,27640,
316,0.000578972551198249,41,7090,,27640,
317,0.0007126115300068778,42,7241,retention_insert_plan;retention_densify_plan,26714,retention_insert_plan;retention_densify_plan;upstream_map_densify_prune;map_prune_iteration
318,0.0006792423290414283,42,7241,,26714,
319,0.0006555597135102727,42,7241,,26714,
320,0.0006829505308561652,42,7241,,26714,
321,0.0006941106540723788,42,7241,,26714,
322,0.0007741807376819923,42,7241,,26714,
323,0.0007024893089182366,42,7241,,26714,
324,0.0006791455393774853,42,7241,,26714,
325,0.000797224820237365,42,7241,,26714,
326,0.0007986900923992921,43,7392,retention_insert_plan;retention_densify_plan,27160,retention_insert_plan;retention_densify_plan;upstream_map_densify_prune;map_prune_iteration
327,0.0007530229855154104,43,7392,,27160,
328,0.0007244122311573919,43,7392,,27160,
329,0.0007590849245054413,43,7392,,27160,
330,0.0008510648426164021,43,7392,,27160,
331,0.0007070348584423113,43,7392,,27160,
332,0.0007494114646974365,43,7392,,27160,
333,0.000721682955470218,43,7392,,27160,
334,0.0006546464530549021,43,7392,,27160,
335,0.0008211444271632393,43,7392,,27160,
336,0.0007867944507898984,44,7543,retention_insert_plan;retention_densify_plan,27129,retention_insert_plan;retention_densify_plan;upstream_map_densify_prune;map_prune_iteration
337,0.0005281773738569763,44,7543,,27129,
338,0.0007452880682596092,44,7543,,27129,
339,0.0006070334973601429,44,7543,,27129,
340,0.000620949924666189,44,7543,,27129,
341,0.0005994060558168582,44,7543,,27129,
342,0.0005462717061743658,44,7543,,27129,
343,0.0006690031049621273,45,7694,retention_insert_plan;retention_densify_plan,26880,retention_insert_plan;retention_densify_plan;upstream_map_densify_prune;map_prune_iteration
344,0.00049309657523271,45,7694,,26880,
345,0.0005466535950270252,45,7694,,26880,
346,0.0005835162421231125,45,7694,,26880,
347,0.0006293375184330536,45,7694,,26880,
348,0.000577961220637035,45,7694,,26880,
349,0.0007613611607712781,46,7845,retention_insert_plan;retention_densify_plan,26575,retention_insert_plan;retention_densify_plan;upstream_map_densify_prune;map_prune_iteration
350,0.0006611576874367851,46,7845,,26575,
351,0.0005861196065114708,46,7845,,26575,
352,0.0005395391167056569,46,7845,,26575,
353,0.0006372186556204255,46,7845,,26575,
354,0.0008133347421331483,47,7996,retention_insert_plan;retention_densify_plan,26320,retention_insert_plan;retention_densify_plan;upstream_map_densify_prune;map_prune_iteration
355,0.000673961341710282,47,7996,,26320,
356,0.0007957843668502406,47,7996,,26320,
357,0.0008265026648990136,47,7996,,26320,
358,0.0008839922047993743,47,7996,,26320,
359,0.0010043897216203631,48,8147,retention_insert_plan;retention_densify_plan,25954,retention_insert_plan;retention_densify_plan;upstream_map_densify_prune;map_prune_iteration
360,0.0008452022886816496,48,8147,,25954,
361,0.0009971002936617613,48,8147,,25954,
362,0.0008060368319616114,48,8147,,25954,
363,0.0010116273176200155,48,8147,,25954,
364,0.0012153228240298914,48,8147,,25954,
365,0.001214691169866223,49,8298,retention_insert_plan;retention_densify_plan,25147,retention_insert_plan;retention_densify_plan;upstream_map_densify_prune;map_prune_iteration
366,0.0011851269574929925,49,8298,,25147,
367,0.001298871137500581,49,8298,,25147,
368,0.001226876084988071,49,8298,,25147,
369,0.0012437595329130226,49,8298,,25147,
370,0.0014942102903334564,49,8298,,25147,
371,0.0013438955266980182,50,8449,retention_insert_plan;retention_densify_plan,25689,retention_insert_plan;retention_densify_plan;upstream_map_densify_prune;map_prune_iteration
372,0.001773400287405756,50,8449,,25689,
373,0.0015782459694106792,50,8449,,25689,
374,0.0020719616923830257,50,8449,,25689,
375,0.0018810312925282445,50,8449,,25689,
376,0.0018553727561560773,50,8449,,25689,
377,0.001851972875024409,50,8449,,25689,
378,0.0017590221424388028,51,8600,retention_insert_plan;retention_densify_plan,24243,retention_insert_plan;retention_densify_plan;upstream_map_densify_prune;map_prune_iteration
379,0.002034281625326079,51,8600,,24243,
